<?xml version="1.0" encoding="utf-8"?>
<Layout CurrentFolderBarBelow="yes">
   <Version Major="3" Minor="1"/>
   <Frame StatusBarShowing="yes" TitlesShowing="yes">
      <ToolBars>
         <ToolBar Label="Current Folder" Name="Current DirectoryToolBar" Showing="yes"/>
      </ToolBars>
      <Split Orientation="leftRight" Position="0.2184">
         <Split Orientation="topBottom" Position="0.5007">
            <View Name="Current Directory" Title="Current Folder"/>
            <View Name="Workspace" Title="Workspace"/>
         </Split>
         <Split Orientation="leftRight" Position="0.6665">
            <Group Name="Editor" Title="Editor"/>
            <View Name="Command Window" Title="Command Window"/>
         </Split>
      </Split>
      <QuickAccessLocation Region="right_of_tabs"/>
   </Frame>
   <Group Alphabetize="no" CollapseUndockedDocumentToolstrips="no" Dock="yes" Guest="no" Name="Editor" PropertyClass="com.mathworks.mde.editor.EditorGroup" SelectionOrder="16" Show="yes" ShowViews="no" Title="Editor">
      <DocumentArea Arrangement="maximized" Bar="top" Empty="no" MaxBarWidth="180" Showing="yes" ShrinkTabs="no"/>
   </Group>
   <Group Alphabetize="no" CollapseUndockedDocumentToolstrips="no" Dock="yes" Guest="no" Name="Figures" PropertyClass="com.mathworks.hg.peer.FiguresGroup" Show="no" ShowViews="no" Title="Figures">
      <Split Orientation="topBottom" Position="0.667">
         <Split Orientation="leftRight" Position="0.25">
            <View Name="Figure Palette" Title=""/>
            <Split Orientation="leftRight" Position="0.667">
               <Documents Name="Figures" Title=""/>
               <View Name="Plot Browser" Title=""/>
            </Split>
         </Split>
         <View Name="Property Editor" Title=""/>
      </Split>
   </Group>
   <Group Alphabetize="no" CollapseUndockedDocumentToolstrips="no" Dock="no" Guest="no" Name="Web Browser" PropertyClass="com.mathworks.mde.webbrowser.WebBrowserGroup" Show="no" ShowViews="no" Title="Web Browser"/>
   <Group Alphabetize="no" CollapseUndockedDocumentToolstrips="no" Dock="yes" Guest="no" Name="Array Editor" Show="no" ShowViews="no" Title="Variables">
      <DocumentArea Arrangement="maximized" Bar="top" Empty="yes" MaxBarWidth="180" Showing="no" ShrinkTabs="no"/>
   </Group>
   <Group Alphabetize="no" CollapseUndockedDocumentToolstrips="no" Dock="no" Guest="no" Name="File Comparisons" PropertyClass="com.mathworks.comparisons.report.ComparisonReportGroup" Show="no" ShowViews="no" Title="Comparison"/>
   <Group Alphabetize="no" CollapseUndockedDocumentToolstrips="no" Dock="no" Guest="no" Name="Doc Center" PropertyClass="com.mathworks.mde.help.MLHelpBrowserGroup" Show="no" ShowViews="no" Title="Help">
      <Frame StatusBarShowing="yes" TitlesShowing="yes">
         <Location External="yes" Height="860" MaxHeight="817" MaxWidth="1440" Maximized="yes" Type="floating" Width="1440" X="0" Y="40"/>
      </Frame>
      <DocumentArea Arrangement="maximized" Bar="top" Empty="no" MaxBarWidth="180" Showing="yes" ShrinkTabs="yes"/>
   </Group>
   <Client Class="com.mathworks.mde.cmdwin.CmdWin" Dock="yes" Guest="no" Name="Command Window" SelectionOrder="12" Show="yes" Singleton="yes" StatusBarShowing="yes" TearOff="no" Title="Command Window">
      <Location Context="docked" Height="684" ParentHeight="684" ParentWidth="1117" Path="EE" Type="nested" Width="364" X="1076" Y="193"/>
      <Location Context="nested" Height="684" ParentHeight="684" ParentWidth="1117" Path="EE" Type="nested" Width="364" X="1076" Y="193"/>
   </Client>
   <Client Class="com.mathworks.mde.cmdhist.AltHistory" Dock="no" Guest="no" Name="Command History" Show="yes" Singleton="yes" StatusBarShowing="yes" TearOff="yes" Title="Command History">
      <Location Anchored="yes" Context="undocked" External="yes" Height="306" Type="floating" Width="540" X="88" Y="70"/>
   </Client>
   <Client Class="com.mathworks.mde.explorer.Explorer" Dock="yes" Guest="no" Name="Current Directory" SelectionOrder="14" Show="yes" Singleton="yes" StatusBarShowing="yes" TearOff="no" Title="Current Folder">
      <Location Context="docked" Height="342" ParentHeight="684" ParentWidth="314" Path="WN" Type="nested" Width="314" Y="193"/>
      <Location Context="nested" Height="342" ParentHeight="684" ParentWidth="314" Path="WN" Type="nested" Width="314" Y="193"/>
   </Client>
   <Client Class="com.mathworks.mde.workspace.WorkspaceBrowser" Dock="yes" Guest="no" Name="Workspace" SelectionOrder="13" Show="yes" Singleton="yes" StatusBarShowing="yes" TearOff="no" Title="Workspace">
      <Location Context="docked" Height="333" ParentHeight="684" ParentWidth="314" Path="WS" Type="nested" Width="314" Y="544"/>
      <Location Context="nested" Height="333" ParentHeight="684" ParentWidth="314" Path="WS" Type="nested" Width="314" Y="544"/>
   </Client>
</Layout>