{"analyzerPref":{"exportAsTimetablePref":false},"plotPref":{"GridDisplay":"on","Markers":false,"axesBorderDisplay":true,"axesColor":"#000000","backgroundColor":"#FAFAFA","gridColor":"#D0D2D3","layoutType":"grid","legendPref":"top","numPlotCols":1,"numPlotRows":1,"plotAreaColor":"#FFFFFF","replayControls":false,"selected":1,"shadeArea":"none","shadeColor":"#CCE8FF","shadeOpacity":0.7,"shadeType":"emphasize","tickLabelsDisplayed":"all","ticksPosition":"outside","updateMode":"wrap"},"table":{"BrowseMode":false,"columns":[{"colField":"checked","colID":0,"orderID":0,"widthPercent":1},{"colField":"name","colID":1,"orderID":1,"widthPercent":39},{"colField":"color","colID":2,"orderID":2,"widthPercent":10},{"colField":"info","colID":3,"orderID":3,"widthPercent":25},{"colField":"tstime","colID":4,"orderID":4,"widthPercent":25},{"colField":"start_time","colID":5,"orderID":5,"widthPercent":25},{"colField":"Samples","colID":6,"orderID":-1,"widthPercent":0}],"search":[],"subVersionNumber":0,"tableHeight":-1,"tableWidth":-1,"versionNumber":1}}